person_age,person_income,person_home_ownership,person_emp_length,loan_intent,loan_grade,loan_amnt,loan_int_rate,loan_percent_income,cb_person_default_on_file,cb_person_cred_hist_length,customer_id,customer_username,recommended_loan,recommended_products,staff_decision,accepted_product,submission_date,application_id,submitted_at,loan_tenure,existing_emi,emi_to_income_ratio,default_probability,risk_level,status
26,300000.0,OWN,3.0,PERSONAL,A,10000.0,10.0,0.0333333333333333,N,5,1.0,Personal Loan,"Credit Card, Savings Account",Accept Recommendation,Approved,Savings Account,2026-08-10 21:27:03,,,,,,,,
25,30000.0,RENT,3.0,PERSONAL,A,10000.0,10.0,0.3333333333333333,N,5,2.0,Personal Loan,"Savings Account, Home Loan",Pending,,,2026-08-10 21:34:07,,,,,,,,
26,30000.0,MORTGAGE,3.0,PERSONAL,A,10000.0,10.0,0.3333333333333333,N,5,3.0,Personal Loan,Savings Account,Accept Recommendation,Savings Account,,2026-08-10 21:34:42,,,,,,,,
25,30000.0,RENT,3.0,PERSONAL,A,10000.0,10.0,0.3333333333333333,N,5,4.0,Personal Loan,"Savings Account, Home Loan",Pending,,,2026-08-10 21:37:06,,,,,,,,
25,300000.0,OWN,3.0,PERSONAL,A,10000.0,10.0,0.0333333333333333,N,5,5.0,Dinesh,Personal Loan,"Credit Card, Savings Account",Pending,,2026-08-11 18:48:17,,,,,,,,
28,500000.0,RENT,3.0,PERSONAL,A,300000.0,10.5,0.25,N,4,6.0,dinesh,Personal Loan,"Savings Account, Credit Card, Home Loan",Approved,,2026-08-11 19:12:15,,,,,,,,
28,500000.0,RENT,3.0,PERSONAL,A,300000.0,10.5,0.25,N,4,7.0,dinesh,Personal Loan,"Savings Account, Credit Card, Home Loan",Pending,,2026-08-11 19:36:41,,,,,,,,
28,600000.0,RENT,3.0,EDUCATION,B,300000.0,10.5,0.5,N,4,,mewtwo,,"Education Loan, Credit Card, Investment Plan, Home Insurance",,,,APP-3E820879,2026-08-11 19:46:10,5.0,5000.0,25.0,0.3022,MEDIUM RISK,Pending
28,70000.0,MORTGAGE,0.6,PERSONAL,A,10000.0,9.89,10.04,N,5,8,valmikiboys2024@gmail.com,Personal,"[""Personal Loan"", ""Credit Card"", ""Premium Savings"", ""Rewards Credit Card""]",,,2026-08-12,APP-9724DD91,2026-08-12T00:40:02.971326+00:00,36,0.0,0.0,0.10815147183992638,Low,Pending
